Vendor,Contact Name,Contact Email,Pitched Tier,Pitch Date,Reply Received,Reply Date,Current Status,Next Action,Next Action Date,Close Value USD,Notes
Fireflies.ai,,,Verified Badge $29/mo,,No,,Not contacted,Draft personalization + send,,,"YC-backed meeting notes; direct Otter competitor; our review 4.4/5 rating 7400 reviews"
Otter.ai,,,Verified Badge $29/mo,,No,,Not contacted,Draft personalization + send,,,"Series B; use Fireflies-FOMO angle if that one responds first"
HeyGen,,,Verified Badge $29/mo,,No,,Not contacted,Draft personalization + send,,,"Series A $60M+; competes with Synthesia; rating 4.6 very positive review"
Synthesia,,,Featured Boost $99/wk,,No,,Not contacted,Draft personalization + send,,,"Series C $180M+; longer sales cycle; position as 4-week launch campaign"
Copy.ai,,,Featured Boost $99/wk,,No,,Not contacted,Draft personalization + send,,,"Direct Jasper competitor; hungry for differentiation"
Jasper AI,,,Verified Badge $29/mo,,No,,Not contacted,Draft personalization + send,,,"Mature partner program; known lower commissions = sponsored = predictability pitch"
Surfer SEO,,,Sponsored Article $199,,No,,Not contacted,Draft personalization + send,,,"$89/mo high ticket SaaS; content-focused product understands content value; our SEO cat has intent traffic"
Metabase,,,Verified Badge $29/mo,,No,,Not contacted,Draft personalization + send,,,"Open-source Series B; hungry for distribution outside dev community"
Freshsales,,,Featured Boost $99/wk,,No,,Not contacted,Draft personalization + send,,,"Freshworks parent public $FRSH; big marketing budget; pitch Freshworks AI partnerships team"
Perplexity AI,,,Featured Boost $99/wk,,No,,Not contacted,Draft personalization + send,,,"Series B $500M+; longer cycle but potential big win; position as Chat alternative discovery"
